PRAGMA foreign_keys=OFF;
BEGIN TRANSACTION;
CREATE TABLE "schema_migrations" ("version" varchar(255) NOT NULL);
INSERT INTO "schema_migrations" VALUES('20100325202228');
INSERT INTO "schema_migrations" VALUES('20100325202714');
INSERT INTO "schema_migrations" VALUES('20100326153711');
INSERT INTO "schema_migrations" VALUES('20100326204647');
INSERT INTO "schema_migrations" VALUES('20100329214831');
INSERT INTO "schema_migrations" VALUES('20100329215316');
INSERT INTO "schema_migrations" VALUES('20100329221040');
INSERT INTO "schema_migrations" VALUES('20100330205139');
INSERT INTO "schema_migrations" VALUES('20100330205534');
INSERT INTO "schema_migrations" VALUES('20100330213038');
INSERT INTO "schema_migrations" VALUES('20100331220847');
INSERT INTO "schema_migrations" VALUES('20100401203736');
INSERT INTO "schema_migrations" VALUES('20100401210154');
INSERT INTO "schema_migrations" VALUES('20100402181443');
INSERT INTO "schema_migrations" VALUES('20100402184925');
INSERT INTO "schema_migrations" VALUES('20100402184937');
INSERT INTO "schema_migrations" VALUES('20100402185152');
INSERT INTO "schema_migrations" VALUES('20100408231924');
INSERT INTO "schema_migrations" VALUES('20100412004214');
INSERT INTO "schema_migrations" VALUES('20100414172838');
INSERT INTO "schema_migrations" VALUES('20100416133155');
INSERT INTO "schema_migrations" VALUES('20100419063642');
INSERT INTO "schema_migrations" VALUES('20100419072522');
INSERT INTO "schema_migrations" VALUES('20100419210027');
INSERT INTO "schema_migrations" VALUES('20100429154433');
INSERT INTO "schema_migrations" VALUES('20100429154520');
INSERT INTO "schema_migrations" VALUES('20100429174844');
INSERT INTO "schema_migrations" VALUES('20100429180712');
INSERT INTO "schema_migrations" VALUES('20100509091732');
INSERT INTO "schema_migrations" VALUES('20100510005330');
INSERT INTO "schema_migrations" VALUES('20100519073728');
INSERT INTO "schema_migrations" VALUES('20100519074532');
CREATE TABLE "apartment_statuses" ("id" INTEGER PRIMARY KEY AUTOINCREMENT NOT NULL, "message" text, "created_at" datetime, "updated_at" datetime, "apartment_id" integer);
INSERT INTO "apartment_statuses" VALUES(1,'aoeuaoeu','2015-02-06 07:21:54','2015-02-06 07:21:54',1);
INSERT INTO "apartment_statuses" VALUES(2,'aoeuaoeu oeuao aoeuaoe','2015-02-06 07:22:10','2015-02-06 07:22:10',1);
INSERT INTO "apartment_statuses" VALUES(3,'A new event at this place and time','2015-02-06 17:44:34','2015-02-06 17:44:34',2);
INSERT INTO "apartment_statuses" VALUES(4,'Here is a new cool story.','2015-02-06 17:44:59','2015-02-06 17:44:59',2);
INSERT INTO "apartment_statuses" VALUES(5,'Somebody just did something.','2015-02-06 17:46:36','2015-02-06 17:46:36',2);
INSERT INTO "apartment_statuses" VALUES(6,'Did you hear what the barber said to the shopkeep?','2015-02-06 17:47:18','2015-02-06 17:47:18',1);
INSERT INTO "apartment_statuses" VALUES(7,'Knock knock. ','2015-02-06 17:47:36','2015-02-06 17:47:36',1);
INSERT INTO "apartment_statuses" VALUES(8,'What do you call an alligator in a vest? An Investigator 
','2015-02-06 17:48:44','2015-02-06 17:48:44',1);
CREATE TABLE "apartment_pics" ("id" INTEGER PRIMARY KEY AUTOINCREMENT NOT NULL, "url" varchar(255), "created_at" datetime, "updated_at" datetime, "apartment_id" integer);
INSERT INTO "apartment_pics" VALUES(1,'http://lorempixel.com/400/200/','2015-02-06 17:44:34','2015-02-06 17:44:34',2);
INSERT INTO "apartment_pics" VALUES(2,'http://lorempixel.com/400/200/sports/1/','2015-02-06 17:44:34','2015-02-06 17:45:38',2);
INSERT INTO "apartment_pics" VALUES(3,'http://lorempixel.com/400/200/food/1','2015-02-06 17:44:34','2015-02-06 17:46:16',2);
CREATE TABLE "keywords" ("id" INTEGER PRIMARY KEY AUTOINCREMENT NOT NULL, "value" varchar(255), "owner_id" integer, "created_at" datetime, "updated_at" datetime, "owner_type" varchar(255));
INSERT INTO "keywords" VALUES(1,'c',NULL,'2015-02-06 07:19:44','2015-02-06 07:19:44',NULL);
INSERT INTO "keywords" VALUES(2,'p',NULL,'2015-02-06 07:19:44','2015-02-06 07:19:44',NULL);
INSERT INTO "keywords" VALUES(3,'joke',1,'2015-02-06 07:21:54','2015-02-06 17:47:00','Apartment');
INSERT INTO "keywords" VALUES(4,'news',2,'2015-02-06 17:44:34','2015-02-06 17:44:34','Apartment');
INSERT INTO "keywords" VALUES(5,'911',1,'2015-02-06 17:50:36','2015-02-06 17:50:36','List');
INSERT INTO "keywords" VALUES(6,'updates',2,'2015-02-06 17:51:43','2015-02-06 17:51:43','List');
CREATE TABLE "apartments" ("id" INTEGER PRIMARY KEY AUTOINCREMENT NOT NULL, "address" varchar(255), "created_at" datetime, "updated_at" datetime, "pcb_disabled" boolean DEFAULT 'f');
INSERT INTO "apartments" VALUES(1,'get a new joke','2015-02-06 07:21:54','2015-02-06 17:47:00','t');
INSERT INTO "apartments" VALUES(2,'Get the latest news','2015-02-06 17:44:34','2015-02-06 17:44:34','f');
CREATE TABLE "users" ("id" INTEGER PRIMARY KEY AUTOINCREMENT NOT NULL, "number" varchar(255), "last_apt_queried_id" integer, "created_at" datetime, "updated_at" datetime, "name" varchar(255), "apartment_id" integer, "room" varchar(255));
INSERT INTO "users" VALUES(1,'+14026501421',NULL,'2015-02-06 17:49:07','2015-02-06 17:49:07','Harish Tella',NULL,NULL);
INSERT INTO "users" VALUES(2,'+14029999999',NULL,'2015-02-06 17:49:24','2015-02-06 17:49:24','Some Person',NULL,NULL);
INSERT INTO "users" VALUES(3,'+19132939809',NULL,'2015-02-06 17:52:22','2015-02-06 17:52:22','Jim Bob',NULL,NULL);
CREATE TABLE "callbacks" ("id" INTEGER PRIMARY KEY AUTOINCREMENT NOT NULL, "name" varchar(255), "apt_time" datetime, "apartment_id" integer, "completed" boolean DEFAULT 'f', "created_at" datetime, "updated_at" datetime);
CREATE TABLE "poll_choices" ("id" INTEGER PRIMARY KEY AUTOINCREMENT NOT NULL, "keyword" varchar(255), "value" varchar(255), "poll_question_id" integer, "created_at" datetime, "updated_at" datetime);
CREATE TABLE "poll_votes" ("id" INTEGER PRIMARY KEY AUTOINCREMENT NOT NULL, "poll_choice_id" integer, "user_id" integer, "created_at" datetime, "updated_at" datetime);
CREATE TABLE "poll_questions" ("id" INTEGER PRIMARY KEY AUTOINCREMENT NOT NULL, "value" varchar(255), "poll_id" integer, "created_at" datetime, "updated_at" datetime, "graph_filename" varchar(255));
CREATE TABLE "polls" ("id" INTEGER PRIMARY KEY AUTOINCREMENT NOT NULL, "title" varchar(255), "created_at" datetime, "updated_at" datetime);
CREATE TABLE "apartment_queries" ("id" INTEGER PRIMARY KEY AUTOINCREMENT NOT NULL, "apartment_id" integer, "user_id" integer, "created_at" datetime, "updated_at" datetime);
CREATE TABLE "apartment_callbacks" ("id" INTEGER PRIMARY KEY AUTOINCREMENT NOT NULL, "apt_time" datetime, "apartment_id" integer, "completed" boolean DEFAULT 'f', "created_at" datetime, "updated_at" datetime, "user_id" integer, "message" varchar(255));
CREATE TABLE "lists" ("id" INTEGER PRIMARY KEY AUTOINCREMENT NOT NULL, "created_at" datetime, "updated_at" datetime, "name" varchar(255), "description" varchar(255));
INSERT INTO "lists" VALUES(1,'2015-02-06 17:50:36','2015-02-06 17:50:36','Emergency','A list for sending out emergency alerts');
INSERT INTO "lists" VALUES(2,'2015-02-06 17:51:43','2015-02-06 17:51:43','Updates','A list for general updates');
CREATE TABLE "list_messages" ("id" INTEGER PRIMARY KEY AUTOINCREMENT NOT NULL, "value" varchar(255), "list_id" integer, "created_at" datetime, "updated_at" datetime);
CREATE TABLE "lists_users" ("list_id" integer, "user_id" integer);
INSERT INTO "lists_users" VALUES(1,1);
INSERT INTO "lists_users" VALUES(1,2);
INSERT INTO "lists_users" VALUES(2,3);
CREATE TABLE "sms" ("id" INTEGER PRIMARY KEY AUTOINCREMENT NOT NULL, "text" varchar(255), "incoming" boolean, "created_at" datetime, "updated_at" datetime);
CREATE TABLE "sms_users" ("sms_id" integer, "user_id" integer);
DELETE FROM sqlite_sequence;
INSERT INTO "sqlite_sequence" VALUES('keywords',6);
INSERT INTO "sqlite_sequence" VALUES('apartments',2);
INSERT INTO "sqlite_sequence" VALUES('apartment_statuses',8);
INSERT INTO "sqlite_sequence" VALUES('apartment_pics',3);
INSERT INTO "sqlite_sequence" VALUES('users',3);
INSERT INTO "sqlite_sequence" VALUES('lists',2);
CREATE UNIQUE INDEX "unique_schema_migrations" ON "schema_migrations" ("version");
COMMIT;
